适用的包,类目名称,cateId
类目公域行为,3C数码配件>USB数码周边,50018909
类目公域行为,3C数码配件>USB数码周边>USB暖手套/暖脚鞋,50018927
类目公域行为,3C数码配件>家电影音周边配件,50011826
类目公域行为,3C数码配件>家电影音周边配件>3D立体眼镜,50018937
类目公域行为,3C数码配件>其它配件,50008681
类目公域行为,3C数码配件>摄像机配件,50024103
类目公域行为,3C数码配件>手机配件,50024094
类目公域行为,3C数码配件>手机配件>手机保护套/壳,150704
类目公域行为,3C数码配件>手机配件>手机支架/手机座,150708
类目公域行为,3C数码配件>数码相框,50008482
类目公域行为,OTC药品/国际医药>国际医药,124984002
类目公域行为,OTC药品/国际医药>国际医药>国际非处方药>国际耳鼻喉药品,201921103
类目公域行为,OTC药品/国际医药>国际医药>国际非处方药>国际口腔药品,201916704
类目公域行为,OTC药品/国际医药>国际医药>国际非处方药>国际皮肤科药品,124966004
类目公域行为,OTC药品/国际医药>国际医药>国际非处方药>国际眼科药品,124998001
类目公域行为,ZIPPO/瑞士军刀/眼镜>滴眼液、护眼用品,50011896
类目公域行为,ZIPPO/瑞士军刀/眼镜>光学眼镜,126412005
类目公域行为,ZIPPO/瑞士军刀/眼镜>光学眼镜>眼镜架,50011894
类目公域行为,ZIPPO/瑞士军刀/眼镜>太阳眼镜,50010368
类目公域行为,包装>礼品包装,125024005
类目公域行为,包装>礼品包装>礼品袋/塑料袋,50009190
类目公域行为,包装>礼品包装>礼品盒,50009189
类目公域行为,包装>礼品包装>中秋礼品包装,201183401
类目公域行为,包装>纸类包装,127808006
类目公域行为,包装>纸类包装>牛皮纸袋,201152314
类目公域行为,保健食品/膳食营养补充食品>海外膳食营养补充食品,123378001
类目公域行为,保健食品/膳食营养补充食品>海外膳食营养补充食品>海外保健机能食品>机能性表示食品,201186603
类目公域行为,保健食品/膳食营养补充食品>海外膳食营养补充食品>海外骨关节营养品>骨胶原蛋白,50026822
类目公域行为,保健食品/膳食营养补充食品>海外膳食营养补充食品>海外抗衰老营养品>PQQ/吡咯喹啉醌,201543603
类目公域行为,保健食品/膳食营养补充食品>海外膳食营养补充食品>海外口服美容营养品>胶原蛋白,50026826
类目公域行为,保健食品/膳食营养补充食品>海外膳食营养补充食品>海外口服美容营养品>口服美容营养品,127764006
类目公域行为,保健食品/膳食营养补充食品>海外膳食营养补充食品>海外口服美容营养品>葡萄籽提取物,50026966
类目公域行为,保健食品/膳食营养补充食品>海外膳食营养补充食品>海外口服纤体营养品>酵素,50026893
类目公域行为,保健食品/膳食营养补充食品>海外膳食营养补充食品>海外免疫力营养品>维生素C,50026924
类目公域行为,保健食品/膳食营养补充食品>海外膳食营养补充食品>海外内分泌营养品>玛咖提取物,122312004
类目公域行为,保健食品/膳食营养补充食品>海外膳食营养补充食品>海外心血管营养品>DHA/EPA/DPA,50050228
类目公域行为,保健食品/膳食营养补充食品>海外膳食营养补充食品>海外运动纤体食品>海外保健体重管理,201308308
类目公域行为,保健食品/膳食营养补充食品>海外膳食营养补充食品>海外综合营养品>其它植物提取物,50026946
类目公域行为,保健食品/膳食营养补充食品>海外膳食营养补充食品>海外综合营养品>维生素/矿物质/营养包,50026926
类目公域行为,保健食品/膳食营养补充食品>海外膳食营养补充食品>其他膳食营养补充食品>其他膳食营养补充剂,50050237
类目公域行为,保健食品/膳食营养补充食品>蓝帽子保健食品,201869702
类目公域行为,保健食品/膳食营养补充食品>蓝帽子保健食品>综合功效保健食品,123454001
类目公域行为,保健食品/膳食营养补充食品>普通膳食营养食品,125046003
类目公域行为,保健食品/膳食营养补充食品>普通膳食营养食品>蛋白粉/氨基酸/胶原蛋白>胶原蛋白,125060018
类目公域行为,保健食品/膳食营养补充食品>普通膳食营养食品>菌/菇/酵素>酵素,125032016
类目公域行为,保健食品/膳食营养补充食品>普通膳食营养食品>能量补充剂型饮料>保健品饮品,201379616
类目公域行为,保健食品/膳食营养补充食品>普通膳食营养食品>其他膳食营养补充食品>其他膳食营养补充剂,125080031
类目公域行为,保健用品>急救用品,122314002
类目公域行为,保健用品>戒烟产品,123674001
类目公域行为,保健用品>面部健康,122372002
类目公域行为,标准件/零部件/工业耗材>气动元件/系统/装置,127602004
类目公域行为,标准件/零部件/工业耗材>气动元件/系统/装置>气缸,127688002
类目公域行为,彩妆/香水/美妆工具>CC霜,125458001
类目公域行为,彩妆/香水/美妆工具>彩妆套装（新）,201161605
类目公域行为,彩妆/香水/美妆工具>彩妆套装（新）>彩妆盘,121388008
类目公域行为,彩妆/香水/美妆工具>彩妆套装（新）>彩妆套装,121452004
类目公域行为,彩妆/香水/美妆工具>唇部彩妆,201166702
类目公域行为,彩妆/香水/美妆工具>唇部彩妆>唇笔/唇线笔,50010801
类目公域行为,彩妆/香水/美妆工具>唇部彩妆>唇彩/唇蜜/唇釉/唇泥/唇霜,50010807
类目公域行为,彩妆/香水/美妆工具>唇部彩妆>唇膏/口红,50010808
类目公域行为,彩妆/香水/美妆工具>隔离/妆前/打底,50010793
类目公域行为,彩妆/香水/美妆工具>旅行装/体验装,125172008
类目公域行为,彩妆/香水/美妆工具>美甲工具,121460005
类目公域行为,彩妆/香水/美妆工具>美容工具,122438001
类目公域行为,彩妆/香水/美妆工具>美容工具>化妆/美容工具,50010817
类目公域行为,彩妆/香水/美妆工具>美容工具>化妆棉/湿敷棉,201169003
类目公域行为,彩妆/香水/美妆工具>美容工具>化妆刷,121480026
类目公域行为,彩妆/香水/美妆工具>美容工具>化妆套刷,121400018
类目公域行为,彩妆/香水/美妆工具>美容工具>假睫毛,121386023
类目公域行为,彩妆/香水/美妆工具>美容工具>睫毛夹,202063205
类目公域行为,彩妆/香水/美妆工具>美容工具>美妆蛋/扑/海绵,202030601
类目公域行为,彩妆/香水/美妆工具>美容工具>面膜纸,202051510
类目公域行为,彩妆/香水/美妆工具>美容工具>刷包,121408024
类目公域行为,彩妆/香水/美妆工具>美容工具>双眼皮胶水,121480003
类目公域行为,彩妆/香水/美妆工具>美容工具>双眼皮贴,121420006
类目公域行为,彩妆/香水/美妆工具>美容工具>修眉刀,202051708
类目公域行为,彩妆/香水/美妆工具>美容工具>假睫毛工具>假睫毛辅助工具,121456021
类目公域行为,彩妆/香水/美妆工具>美容工具>假睫毛工具>胶水,121474025
类目公域行为,彩妆/香水/美妆工具>面部彩妆,201164006
类目公域行为,彩妆/香水/美妆工具>面部彩妆>BB霜,50013794
类目公域行为,彩妆/香水/美妆工具>面部彩妆>定妆喷雾,201310801
类目公域行为,彩妆/香水/美妆工具>面部彩妆>粉饼,50010790
类目公域行为,彩妆/香水/美妆工具>面部彩妆>粉底液/膏,50010789
类目公域行为,彩妆/香水/美妆工具>面部彩妆>粉霜,202059209
类目公域行为,彩妆/香水/美妆工具>面部彩妆>高光,121382014
类目公域行为,彩妆/香水/美妆工具>面部彩妆>隔离/妆前/素颜霜,121426007
类目公域行为,彩妆/香水/美妆工具>面部彩妆>蜜粉/散粉,50010792
类目公域行为,彩妆/香水/美妆工具>面部彩妆>气垫,202061807
类目公域行为,彩妆/香水/美妆工具>面部彩妆>腮红/胭脂,50010805
类目公域行为,彩妆/香水/美妆工具>面部彩妆>阴影,121388007
类目公域行为,彩妆/香水/美妆工具>面部彩妆>遮瑕,50010803
类目公域行为,彩妆/香水/美妆工具>男士彩妆（新）,121398020
类目公域行为,彩妆/香水/美妆工具>男士彩妆（新）>男士BB霜,121396024
类目公域行为,彩妆/香水/美妆工具>男士彩妆（新）>男士彩妆套装,121448016
类目公域行为,彩妆/香水/美妆工具>男士彩妆（新）>男士唇膏,121416019
类目公域行为,彩妆/香水/美妆工具>男士彩妆（新）>男士粉底,121388025
类目公域行为,彩妆/香水/美妆工具>男士彩妆（新）>男士隔离乳/霜,121434025
类目公域行为,彩妆/香水/美妆工具>男士彩妆（新）>男士眉笔,121410025
类目公域行为,彩妆/香水/美妆工具>男士彩妆（新）>男士蜜粉,121416020
类目公域行为,彩妆/香水/美妆工具>男士彩妆（新）>男士眼影,121402018
类目公域行为,彩妆/香水/美妆工具>男士彩妆（新）>男士遮瑕,121408022
类目公域行为,彩妆/香水/美妆工具>其它彩妆,50010814
类目公域行为,彩妆/香水/美妆工具>香水/香水用品,201834201
类目公域行为,彩妆/香水/美妆工具>香水/香水用品>试香礼盒/工具,201802004
类目公域行为,彩妆/香水/美妆工具>香水/香水用品>香水,50010815
类目公域行为,彩妆/香水/美妆工具>香水/香水用品>香水套装,201803104
类目公域行为,彩妆/香水/美妆工具>眼部彩妆,201161714
类目公域行为,彩妆/香水/美妆工具>眼部彩妆>睫毛膏,50010794
类目公域行为,彩妆/香水/美妆工具>眼部彩妆>眉笔/眉粉/眉膏,50010798
类目公域行为,彩妆/香水/美妆工具>眼部彩妆>卧蚕笔,202052419
类目公域行为,彩妆/香水/美妆工具>眼部彩妆>眼线,50010797
类目公域行为,彩妆/香水/美妆工具>眼部彩妆>眼影,50010796
类目公域行为,彩妆/香水/美妆工具>指甲油/美甲产品（新）,121398006
类目公域行为,彩妆/香水/美妆工具>指甲油/美甲产品（新）>甲油胶,121364007
类目公域行为,彩妆/香水/美妆工具>指甲油/美甲产品（新）>指甲油,201883004
类目公域行为,餐饮具>杯子/水杯/水壶,122996002
类目公域行为,餐饮具>杯子/水杯/水壶>杯垫,50003448
类目公域行为,餐饮具>咖啡器具,122974003
类目公域行为,餐饮具>咖啡器具>咖啡杯,50002254
类目公域行为,厨房/烹饪用具>厨房储物,50008281
类目公域行为,厨房/烹饪用具>厨房储物>储物瓶罐/厨房储物器皿>密封罐,50012922
类目公域行为,厨房/烹饪用具>厨用工具,202007901
类目公域行为,厨房/烹饪用具>厨用工具>DIY模具,50012490
类目公域行为,厨房/烹饪用具>厨用工具>寿司DIY用具>寿司帘,50006857
类目公域行为,厨房/烹饪用具>烹饪用具,50010101
类目公域行为,厨房/烹饪用具>烹饪用具>刀具>水果削皮器,50006774
类目公域行为,处方药>中药用药,201383501
类目公域行为,处方药>中药用药>中药配方,201381222
类目公域行为,传统滋补营养品>滋补养生原料,50020296
类目公域行为,传统滋补营养品>滋补养生原料>传统滋补品其他,50007215
类目公域行为,床上用品>被子,126038001
类目公域行为,床上用品>被子>棉花被,126054001
类目公域行为,床上用品>床单,121458010
类目公域行为,电子元器件市场>电机/马达,124816005
类目公域行为,电子元器件市场>电机/马达>伺服电机/伺服系统/舵机,125192005
类目公域行为,电子元器件市场>集成电路（IC）,50018869
类目公域行为,电子元器件市场>集成电路（IC）>芯片,50006523
类目公域行为,电子元器件市场>开源硬件/电子DIY/创客,125142004
类目公域行为,电子元器件市场>开源硬件/电子DIY/创客>DIY套件/DIY材料/电子积木,125124009
类目公域行为,电子元器件市场>无源元件,50002918
类目公域行为,电子元器件市场>无源元件>其它元器件,50002928
类目公域行为,服饰配件/皮带/帽子/围巾>防晒服配,201827301
类目公域行为,服饰配件/皮带/帽子/围巾>防晒服配>防晒袖套,201302802
类目公域行为,服饰配件/皮带/帽子/围巾>婚纱礼服配件,164206
类目公域行为,服饰配件/皮带/帽子/围巾>婚纱礼服配件>头纱,50003811
类目公域行为,服饰配件/皮带/帽子/围巾>帽子,302910
类目公域行为,服饰配件/皮带/帽子/围巾>围巾/丝巾/披肩,50007003
类目公域行为,服饰配件/皮带/帽子/围巾>运动首饰,121462007
类目公域行为,服饰配件/皮带/帽子/围巾>运动首饰>指环,121462008
类目公域行为,个人护理/保健/按摩器材>按摩器材,50018398
类目公域行为,个人护理/保健/按摩器材>按摩器材>眼部按摩器/润眼仪,50018402
类目公域行为,个人护理/保健/按摩器材>各类配件/耗材,50011877
类目公域行为,个人护理/保健/按摩器材>各类配件/耗材>美发工具配件>卷/直发器配件,50011887
类目公域行为,个人护理/保健/按摩器材>各类配件/耗材>清洁美容工具配件>剃须刀配件,50011878
类目公域行为,个人护理/保健/按摩器材>家用保健器材,50012083
类目公域行为,个人护理/保健/按摩器材>家用保健器材>足浴器,50005180
类目公域行为,个人护理/保健/按摩器材>美发工具,50023686
类目公域行为,个人护理/保健/按摩器材>美发工具>美发/烫发/染发器（梳）,201516401
类目公域行为,个人护理/保健/按摩器材>美发工具>其它美发工具,50024629
类目公域行为,个人护理/保健/按摩器材>其它个人护理,350210
类目公域行为,个人护理/保健/按摩器材>洗护/清洁泡沫机/洗手机,127494005
类目公域行为,购物金>美妆购物金,201317202
类目公域行为,购物金>美妆购物金>美容护肤购物金,201329623
类目公域行为,盒马>头发护理,126196032
类目公域行为,盒马>头发护理>护发素及头发护理产品>免洗精华乳/凝萃乳,126200137
类目公域行为,户外/登山/野营/旅行用品>垂钓装备,50014023
类目公域行为,户外/登山/野营/旅行用品>垂钓装备>其他垂钓用品,50014099
类目公域行为,户外/登山/野营/旅行用品>洗漱清洁/护理用品,50014764
类目公域行为,户外/登山/野营/旅行用品>洗漱清洁/护理用品>旅行洗漱套装,201213801
类目公域行为,户外/登山/野营/旅行用品>洗漱清洁/护理用品>洗漱包/化妆包,50015985
类目公域行为,户外/登山/野营/旅行用品>洗漱清洁/护理用品>香皂/洗发水/沐浴露/洗面乳,50019771
类目公域行为,户外/登山/野营/旅行用品>洗漱清洁/护理用品>一次性袜子,200924005
类目公域行为,户外/登山/野营/旅行用品>洗漱清洁/护理用品>旅行洗护用品>旅行沐浴露,121386013
类目公域行为,户外/登山/野营/旅行用品>洗漱清洁/护理用品>旅行洗护用品>旅行洗发水,121414014
类目公域行为,户外/登山/野营/旅行用品>洗漱清洁/护理用品>旅行洗护用品>旅行洗面奶,121484017
类目公域行为,基础建材>o2o特权订金（天猫专用）,124794004
类目公域行为,基础建材>o2o特权订金（天猫专用）>乳胶漆O2O（天猫专用）,124804006
类目公域行为,基础建材>家用五金,50020486
类目公域行为,基础建材>家用五金>绳/链/钩>套环,50013455
类目公域行为,计生用品>避孕套,50024154
类目公域行为,家庭/个人清洁工具>个人洗护清洁用具,50009146
类目公域行为,家庭/个人清洁工具>个人洗护清洁用具>耳勺,50007005
类目公域行为,家庭/个人清洁工具>个人洗护清洁用具>发圈/发网,50022428
类目公域行为,家庭/个人清洁工具>个人洗护清洁用具>面扑/粉扑,50019039
类目公域行为,家庭/个人清洁工具>个人洗护清洁用具>沐浴按摩用品,50019038
类目公域行为,家庭/个人清洁工具>个人洗护清洁用具>喷瓶/面霜分装瓶,50021852
类目公域行为,家庭/个人清洁工具>个人洗护清洁用具>洗脸刷/化妆刷,50021304
类目公域行为,家庭/个人清洁工具>个人洗护清洁用具>洗漱包,50007167
类目公域行为,家庭/个人清洁工具>个人洗护清洁用具>浴帽,213201
类目公域行为,家庭/个人清洁工具>个人洗护清洁用具>梳子/便携用镜>梳子/化妆梳/按摩梳,50002816
类目公域行为,家庭/个人清洁工具>个人洗护清洁用具>指甲刀/指甲钳>指甲钳,50006687
类目公域行为,家庭/个人清洁工具>家务/地板清洁用具,50003949
类目公域行为,家庭/个人清洁工具>家务/地板清洁用具>围裙,121370008
类目公域行为,家庭/个人清洁工具>家务/地板清洁用具>刷子>精密仪器刷,50025794
类目公域行为,家庭/个人清洁工具>家务/地板清洁用具>拖把>平板拖把,50025787
类目公域行为,家庭/个人清洁工具>家务/地板清洁用具>拖把>水拖,50026092
类目公域行为,家庭/个人清洁工具>家务/地板清洁用具>拖把配件>胶棉拖把头,50025824
类目公域行为,家庭/个人清洁工具>男士理容工具,201850403
类目公域行为,家庭/个人清洁工具>男士理容工具>剃须刀,121454005
类目公域行为,家庭/个人清洁工具>男士理容工具>剃须刀片,121426003
类目公域行为,家庭/个人清洁工具>卫浴/置物用具,2132
类目公域行为,家庭/个人清洁工具>卫浴/置物用具>杯架,121462028
类目公域行为,家庭/个人清洁工具>卫浴/置物用具>起泡网,201303005
类目公域行为,家装灯饰光源>家居类灯饰,50019935
类目公域行为,家装灯饰光源>家居类灯饰>小夜灯,50019936
类目公域行为,教育培训>兴趣素质培训,124720004
类目公域行为,教育培训>兴趣素质培训>生活文艺兴趣培训,124714006
类目公域行为,节庆用品/礼品>创意礼品,122968003
类目公域行为,节庆用品/礼品>创意礼品>创意礼盒/礼品套组,50003854
类目公域行为,节庆用品/礼品>婚庆用品,122998001
类目公域行为,节庆用品/礼品>婚庆用品>糖盒/糖盒配件,50010042
类目公域行为,节庆用品/礼品>节日用品,200882003
类目公域行为,节庆用品/礼品>节日用品>春节礼盒,201327001
类目公域行为,节庆用品/礼品>节日用品>圣诞礼品,50025856
类目公域行为,节庆用品/礼品>文化创意用品,124546013
类目公域行为,节庆用品/礼品>文化创意用品>文化创意杯子,124578005
类目公域行为,节庆用品/礼品>文化创意用品>文化创意餐具,124570006
类目公域行为,节庆用品/礼品>装扮用品,200878002
类目公域行为,节庆用品/礼品>装扮用品>蜡烛,50018426
类目公域行为,居家布艺>毛巾/浴巾/浴袍,50010103
类目公域行为,居家布艺>毛巾/浴巾/浴袍>干发毛巾,201236601
类目公域行为,居家布艺>毛巾/浴巾/浴袍>毛巾/面巾,50000563
类目公域行为,居家布艺>毛巾/浴巾/浴袍>一次性浴巾,201241104
类目公域行为,居家日用>防护用品,50012514
类目公域行为,居家日用>防护用品>口罩,50003458
类目公域行为,居家日用>居家日用套装,201022003
类目公域行为,居家日用>美体/塑身塑形/增高用具,50023068
类目公域行为,居家日用>美体/塑身塑形/增高用具>美容小工具,50011157
类目公域行为,居家日用>其它,50006277
类目公域行为,居家日用>驱虫用品,50025838
类目公域行为,居家日用>驱虫用品>驱蚊喷雾/走珠,127654044
类目公域行为,居家日用>伞/雨具/防雨/防潮,50010099
类目公域行为,居家日用>伞/雨具/防雨/防潮>伞,210211
类目公域行为,咖啡/麦片/冲饮>冲饮品/食补粉粉,50009857
类目公域行为,咖啡/麦片/冲饮>冲饮品/食补粉粉>冻干粉/块冲饮,201803101
类目公域行为,咖啡/麦片/冲饮>冲饮品/食补粉粉>青汁,201156608
类目公域行为,零食/坚果/特产>饼干/膨化,50010550
类目公域行为,零食/坚果/特产>饼干/膨化>饼干（新）>韧性饼干,124606001
类目公域行为,零食/坚果/特产>果冻/布丁,50016093
类目公域行为,旅行购物>OTC药品/医疗器械/计生用,201197001
类目公域行为,旅行购物>OTC药品/医疗器械/计生用>OTC药品>皮肤科用药,201231406
类目公域行为,旅行购物>保健食品/膳食营养补充食品,201152708
类目公域行为,旅行购物>保健食品/膳食营养补充食品>海外膳食营养补充食品,201173109
类目公域行为,旅行购物>彩妆/香水/美妆工具,201152308
类目公域行为,旅行购物>彩妆/香水/美妆工具>BB霜,201151407
类目公域行为,旅行购物>彩妆/香水/美妆工具>唇彩/唇蜜,201148607
类目公域行为,旅行购物>彩妆/香水/美妆工具>唇膏/口红,201155203
类目公域行为,旅行购物>彩妆/香水/美妆工具>粉饼,201152109
类目公域行为,旅行购物>彩妆/香水/美妆工具>粉底液/膏,201152805
类目公域行为,旅行购物>彩妆/香水/美妆工具>隔离/妆前,201150610
类目公域行为,旅行购物>彩妆/香水/美妆工具>化妆/美容工具,201156205
类目公域行为,旅行购物>彩妆/香水/美妆工具>睫毛膏/睫毛增长液,201152705
类目公域行为,旅行购物>彩妆/香水/美妆工具>眉笔/眉粉/眉膏,201152010
类目公域行为,旅行购物>彩妆/香水/美妆工具>蜜粉/散粉,201153204
类目公域行为,旅行购物>彩妆/香水/美妆工具>腮红/胭脂,201155105
类目公域行为,旅行购物>彩妆/香水/美妆工具>眼线,201150307
类目公域行为,旅行购物>彩妆/香水/美妆工具>眼影,201152309
类目公域行为,旅行购物>彩妆/香水/美妆工具>遮瑕,201148310
类目公域行为,旅行购物>个人护理,201155104
类目公域行为,旅行购物>个人护理>美发护发/假发>护发产品,201174207
类目公域行为,旅行购物>个人护理>美发护发/假发>头发造型,201174514
类目公域行为,旅行购物>个人护理>美发护发/假发>洗发水,201170610
类目公域行为,旅行购物>个人护理>洗护清洁>香皂/洁面产品,201172313
类目公域行为,旅行购物>美容护肤/美体/精油,201152807
类目公域行为,旅行购物>美容护肤/美体/精油>唇部护理,201158603
类目公域行为,旅行购物>美容护肤/美体/精油>防晒,201159302
类目公域行为,旅行购物>美容护肤/美体/精油>护手霜,201160901
类目公域行为,旅行购物>美容护肤/美体/精油>化妆水/爽肤水,201161101
类目公域行为,旅行购物>美容护肤/美体/精油>洁面,201161502
类目公域行为,旅行购物>美容护肤/美体/精油>面部护理套装,201160004
类目公域行为,旅行购物>美容护肤/美体/精油>面部精华,201157002
类目公域行为,旅行购物>美容护肤/美体/精油>面膜,201160801
类目公域行为,旅行购物>美容护肤/美体/精油>乳液/面霜,201161001
类目公域行为,旅行购物>美容护肤/美体/精油>卸妆,201159902
类目公域行为,旅行购物>美容护肤/美体/精油>身体护理>身体护理套装,201158402
类目公域行为,旅行购物>美容护肤/美体/精油>身体护理>身体乳/霜,201162401
类目公域行为,旅行购物>美容护肤/美体/精油>身体护理>止汗露,201162301
类目公域行为,旅行购物>美容护肤/美体/精油>眼部护理>眼部护理套装,201161901
类目公域行为,旅行购物>美容护肤/美体/精油>眼部护理>眼部精华,201157204
类目公域行为,旅行购物>美容护肤/美体/精油>眼部护理>眼膜,201158303
类目公域行为,旅行购物>美容护肤/美体/精油>眼部护理>眼霜,201162001
类目公域行为,旅行购物>洗护清洁剂/卫生巾/纸/香薰,201194001
类目公域行为,旅行购物>洗护清洁剂/卫生巾/纸/香薰>头发清洁/护理/造型>护发素,201260483
类目公域行为,美发护发/假发>假发,50023283
类目公域行为,美发护发/假发>假发>假发发箍,50023290
类目公域行为,美发护发/假发>假发>假发配件,121398022
类目公域行为,美发护发/假发>假发>假发梳子,121388029
类目公域行为,美发护发/假发>假发>直发片,50023289
类目公域行为,美发护发/假发>男士个人护理,127668025
类目公域行为,美发护发/假发>男士个人护理>男士头皮护理,127660031
类目公域行为,美发护发/假发>男士个人护理>男士洗发水,127668028
类目公域行为,美发护发/假发>男士个人护理>男士造型,127656029
类目公域行为,美发护发/假发>染发烫发,50023294
类目公域行为,美发护发/假发>染发烫发>补发笔/发际线粉,201858601
类目公域行为,美发护发/假发>染发烫发>彩染,50023326
类目公域行为,美发护发/假发>染发烫发>短效染发剂,201167901
类目公域行为,美发护发/假发>染发烫发>盖白,201843906
类目公域行为,美发护发/假发>染发烫发>漂发剂,201847304
类目公域行为,美发护发/假发>染发烫发>其它染发烫发产品,50023328
类目公域行为,美发护发/假发>染发烫发>烫发水,50023327
类目公域行为,美发护发/假发>头发护理,127692023
类目公域行为,美发护发/假发>头发护理>发膜/蒸汽发膜/焗油膏,201307623
类目公域行为,美发护发/假发>头发护理>护发精华/喷雾/次抛/安瓶,201168001
类目公域行为,美发护发/假发>头发护理>护发精油,127738001
类目公域行为,美发护发/假发>头发护理>护发素,201310704
类目公域行为,美发护发/假发>头发护理>其它护发,121410029
类目公域行为,美发护发/假发>头发清洁,201853303
类目公域行为,美发护发/假发>头发清洁>免洗洗发水/喷雾,201858401
类目公域行为,美发护发/假发>头发清洁>洗发水,121396029
类目公域行为,美发护发/假发>头发清洁>洗护套装/礼盒,121476023
类目公域行为,美发护发/假发>头发造型（新）,201858201
类目公域行为,美发护发/假发>头发造型（新）>定型喷雾,201857802
类目公域行为,美发护发/假发>头发造型（新）>发胶/发泥/发蜡,50023293
类目公域行为,美发护发/假发>头发造型（新）>摩丝/啫喱,50016885
类目公域行为,美发护发/假发>头皮护理,201847006
类目公域行为,美发护发/假发>头皮护理>头皮精油/精华,127736001
类目公域行为,美发护发/假发>头皮护理>头皮磨砂膏,201858701
类目公域行为,美发护发/假发>洗发护发,50023292
类目公域行为,美容护肤/美体/精油>T区护理（新）,121408009
类目公域行为,美容护肤/美体/精油>T区护理（新）>T区护理套装,121450012
类目公域行为,美容护肤/美体/精油>T区护理（新）>鼻贴,121402005
类目公域行为,美容护肤/美体/精油>T区护理（新）>黑头导出液,121388012
类目公域行为,美容护肤/美体/精油>唇部护理,50011994
类目公域行为,美容护肤/美体/精油>唇部护理（新）,121448009
类目公域行为,美容护肤/美体/精油>唇部护理（新）>唇部护理套装,121454017
类目公域行为,美容护肤/美体/精油>唇部护理（新）>唇部精华,121456011
类目公域行为,美容护肤/美体/精油>唇部护理（新）>唇部磨砂,121476007
类目公域行为,美容护肤/美体/精油>唇部护理（新）>唇膜,121366015
类目公域行为,美容护肤/美体/精油>唇部护理（新）>润唇膏,121418013
类目公域行为,美容护肤/美体/精油>唇部护理（新）>润唇啫喱,121392016
类目公域行为,美容护肤/美体/精油>防晒（新）,201173303
类目公域行为,美容护肤/美体/精油>防晒（新）>防晒膏/防晒粉末,201744402
类目公域行为,美容护肤/美体/精油>防晒（新）>防晒喷雾,201171302
类目公域行为,美容护肤/美体/精油>防晒（新）>防晒霜,50011982
类目公域行为,美容护肤/美体/精油>化妆水/爽肤水,50011978
类目公域行为,美容护肤/美体/精油>洁面,50011977
类目公域行为,美容护肤/美体/精油>精油芳疗,50011992
类目公域行为,美容护肤/美体/精油>精油芳疗>单方精油,50011999
类目公域行为,美容护肤/美体/精油>精油芳疗>复方精油,50012000
类目公域行为,美容护肤/美体/精油>精油芳疗>基底精油,50012001
类目公域行为,美容护肤/美体/精油>精油芳疗>手工皂/精油皂,50012004
类目公域行为,美容护肤/美体/精油>精油芳疗>精油芳疗用具>面霜罐,121408012
类目公域行为,美容护肤/美体/精油>颈部护理,201845606
类目公域行为,美容护肤/美体/精油>颈部护理>颈膜,121458012
类目公域行为,美容护肤/美体/精油>颈部护理>颈霜,121388016
类目公域行为,美容护肤/美体/精油>局部护理,201848908
类目公域行为,美容护肤/美体/精油>局部护理>除毛凝胶,121400010
类目公域行为,美容护肤/美体/精油>局部护理>爽身粉/痱子粉,121450013
类目公域行为,美容护肤/美体/精油>局部护理>脱毛膏,121474011
类目公域行为,美容护肤/美体/精油>局部护理>止汗露,121392015
类目公域行为,美容护肤/美体/精油>旅行装/体验装,125178006
类目公域行为,美容护肤/美体/精油>面部按摩霜,50011996
类目公域行为,美容护肤/美体/精油>面部护理套装,50011993
类目公域行为,美容护肤/美体/精油>面部精华（新）,201174001
类目公域行为,美容护肤/美体/精油>面部精华（新）>安瓶/原液,201168604
类目公域行为,美容护肤/美体/精油>面部精华（新）>粉状精华,201173503
类目公域行为,美容护肤/美体/精油>面部精华（新）>精华油,201750001
类目公域行为,美容护肤/美体/精油>面部精华（新）>液态精华,50011979
类目公域行为,美容护肤/美体/精油>面部磨砂/去角质,50011997
类目公域行为,美容护肤/美体/精油>面膜/面膜粉,50011981
类目公域行为,美容护肤/美体/精油>面膜（新）,121390006
类目公域行为,美容护肤/美体/精油>面膜（新）>贴片面膜,121474010
类目公域行为,美容护肤/美体/精油>面膜（新）>涂抹面膜,121408011
类目公域行为,美容护肤/美体/精油>男士护理,50011988
类目公域行为,美容护肤/美体/精油>男士面部护理,121368010
类目公域行为,美容护肤/美体/精油>男士面部护理>男士唇部磨砂膏,121364026
类目公域行为,美容护肤/美体/精油>男士面部护理>男士防晒乳霜,121458034
类目公域行为,美容护肤/美体/精油>男士面部护理>男士护理套装,121404031
类目公域行为,美容护肤/美体/精油>男士面部护理>男士洁面,121452027
类目公域行为,美容护肤/美体/精油>男士面部护理>男士面部精华,121756003
类目公域行为,美容护肤/美体/精油>男士面部护理>男士面部磨砂膏,121850007
类目公域行为,美容护肤/美体/精油>男士面部护理>男士面部乳霜,121410035
类目公域行为,美容护肤/美体/精油>男士面部护理>男士面膜,121426033
类目公域行为,美容护肤/美体/精油>男士面部护理>男士喷雾,121386035
类目公域行为,美容护肤/美体/精油>男士面部护理>男士润唇膏,121398029
类目公域行为,美容护肤/美体/精油>男士面部护理>男士爽肤水,121392037
类目公域行为,美容护肤/美体/精油>男士面部护理>男士剃须膏,121482026
类目公域行为,美容护肤/美体/精油>男士面部护理>男士须后水,121414041
类目公域行为,美容护肤/美体/精油>男士面部护理>男士眼部精华,121408040
类目公域行为,美容护肤/美体/精油>男士面部护理>男士眼部美容胶,121476035
类目公域行为,美容护肤/美体/精油>男士面部护理>男士眼膜,121460030
类目公域行为,美容护肤/美体/精油>男士面部护理>男士眼霜,121848006
类目公域行为,美容护肤/美体/精油>男士面部护理>男士止汗露,121392036
类目公域行为,美容护肤/美体/精油>男士身体护理,201691502
类目公域行为,美容护肤/美体/精油>男士身体护理>男士沐浴露,121366036
类目公域行为,美容护肤/美体/精油>男士身体护理>男士身体磨砂膏,121412033
类目公域行为,美容护肤/美体/精油>男士身体护理>男士身体乳,121394025
类目公域行为,美容护肤/美体/精油>其他保养,50011991
类目公域行为,美容护肤/美体/精油>乳液/面霜,50011980
类目公域行为,美容护肤/美体/精油>身体护理,50011983
类目公域行为,美容护肤/美体/精油>身体护理（新）,121466009
类目公域行为,美容护肤/美体/精油>身体护理（新）>身体护理套装/礼盒,121484012
类目公域行为,美容护肤/美体/精油>身体护理（新）>身体护理油,121422012
类目公域行为,美容护肤/美体/精油>身体护理（新）>身体喷雾,121368014
类目公域行为,美容护肤/美体/精油>身体护理（新）>身体乳/霜,121396013
类目公域行为,美容护肤/美体/精油>身体护理（新）>纤体>纤体霜/凝露,124768010
类目公域行为,美容护肤/美体/精油>身体清洁(新）,201850303
类目公域行为,美容护肤/美体/精油>身体清洁(新）>沐浴露,121386011
类目公域行为,美容护肤/美体/精油>身体清洁(新）>沐浴油,201858801
类目公域行为,美容护肤/美体/精油>身体清洁(新）>身体磨砂,121366014
类目公域行为,美容护肤/美体/精油>身体清洁(新）>身体皂,121434014
类目公域行为,美容护肤/美体/精油>身体清洁(新）>浴盐/浴液,121470011
类目公域行为,美容护肤/美体/精油>手部保养,50011998
类目公域行为,美容护肤/美体/精油>手部保养（新）,121390007
类目公域行为,美容护肤/美体/精油>手部保养（新）>护手霜,121452007
类目公域行为,美容护肤/美体/精油>手部保养（新）>手部保养套装,121402008
类目公域行为,美容护肤/美体/精油>手部保养（新）>手部磨砂,121472008
类目公域行为,美容护肤/美体/精油>手部保养（新）>手膜,121368013
类目公域行为,美容护肤/美体/精油>手部保养（新）>指甲修护乳/霜,121434013
类目公域行为,美容护肤/美体/精油>卸妆,50011990
类目公域行为,美容护肤/美体/精油>胸部护理（新）,121366011
类目公域行为,美容护肤/美体/精油>胸部护理（新）>丰胸乳霜,121388013
类目公域行为,美容护肤/美体/精油>胸部护理（新）>美胸精华,121460006
类目公域行为,美容护肤/美体/精油>眼部护理,50011986
类目公域行为,美容护肤/美体/精油>眼部护理（新）,121454013
类目公域行为,美容护肤/美体/精油>眼部护理（新）>眼部护理套装,121410013
类目公域行为,美容护肤/美体/精油>眼部护理（新）>眼部精华,121422013
类目公域行为,美容护肤/美体/精油>眼部护理（新）>眼胶,121472009
类目公域行为,美容护肤/美体/精油>眼部护理（新）>眼膜,121468012
类目公域行为,美容护肤/美体/精油>眼部护理（新）>眼霜,121484013
类目公域行为,美容护肤/美体/精油>足部护理,122430002
类目公域行为,美容护肤/美体/精油>足部护理>足膜,122646001
类目公域行为,美容护肤/美体/精油>足部护理>足霜,121424012
类目公域行为,美容护肤/美体/精油>足部护理>足贴,121412012
类目公域行为,美容美体仪器>电子美容仪（器械）,50005002
类目公域行为,美容美体仪器>口腔电子/智能产品,200532010
类目公域行为,美容美体仪器>口腔电子/智能产品>口腔护理设备礼盒,50024627
类目公域行为,美容美体仪器>美容/美体辅助工具,126766002
类目公域行为,美容美体仪器>美容/美体辅助工具>电动修眉刀,50004998
类目公域行为,美容美体仪器>美容/美体辅助工具>睫毛卷烫器,50004999
类目公域行为,美容美体仪器>面部美容仪,126770001
类目公域行为,美容美体仪器>面部美容仪>LED/光类美容仪,201272371
类目公域行为,美容美体仪器>面部美容仪>电子美容仪（非器械）,202090304
类目公域行为,美容美体仪器>面部美容仪>洁面仪,50004396
类目公域行为,美容美体仪器>面部美容仪>美眼仪,124178011
类目公域行为,美容美体仪器>女士脱毛/剃毛器,350202
类目公域行为,美容美体仪器>仪器配件,126766001
类目公域行为,美容美体仪器>仪器配件>其它面部美容工具配件,50011881
类目公域行为,模玩/动漫/周边/娃圈三坑/桌游>卡通/动漫周边,122680006
类目公域行为,模玩/动漫/周边/娃圈三坑/桌游>卡通/动漫周边>动漫水杯/居家/百货,122678005
类目公域行为,模玩/动漫/周边/娃圈三坑/桌游>影视/明星周边,124462006
类目公域行为,男装>T恤,50000436
类目公域行为,男装>常规马甲,201403301
类目公域行为,女士内衣/男士内衣/家居服>乳贴,50008889
类目公域行为,其他>其它,50011150
类目公域行为,其他>赠品,50023728
类目公域行为,生活电器>除味/除臭器,201241501
类目公域行为,生活电器>户外风扇/移动风扇,201830203
类目公域行为,饰品/流行首饰/时尚饰品新>摆件,50013877
类目公域行为,饰品/流行首饰/时尚饰品新>发饰,50013878
类目公域行为,收纳整理>家庭收纳用具,122964001
类目公域行为,收纳整理>家庭收纳用具>口红收纳包/盒/袋,201267791
类目公域行为,收纳整理>家庭收纳用具>收纳包>化妆包,50023169
类目公域行为,收纳整理>家庭收纳用具>收纳袋>饭盒袋,50012076
类目公域行为,收纳整理>家庭收纳用具>收纳袋>购物袋/环保袋/帆布袋,50012075
类目公域行为,收纳整理>家庭收纳用具>收纳袋>其他收纳袋,50025937
类目公域行为,水产肉类/新鲜蔬果/熟食>熟食/卤味/即食菜,50050643
类目公域行为,水产肉类/新鲜蔬果/熟食>熟食/卤味/即食菜>猪蹄/猪肘/猪肉类熟食,50025700
类目公域行为,天猫零售O2O>贩卖机,127110008
类目公域行为,天猫零售O2O>贩卖机>美妆,127074010
类目公域行为,天猫零售O2O>美妆,127086009
类目公域行为,文具电教/文化用品/商务用品>笔类/书写工具,50012716
类目公域行为,文具电教/文化用品/商务用品>笔类/书写工具>替芯/铅芯,50012751
类目公域行为,文具电教/文化用品/商务用品>画具/画材用品,50024641
类目公域行为,文具电教/文化用品/商务用品>画具/画材用品>彩铅,201613802
类目公域行为,文具电教/文化用品/商务用品>日常学习用品,50005757
类目公域行为,文具电教/文化用品/商务用品>日常学习用品>卷笔器,50005122
类目公域行为,洗护清洁剂/卫生巾/纸/香薰>成年人护理用品,201306213
类目公域行为,洗护清洁剂/卫生巾/纸/香薰>成年人护理用品>成年人纸尿片,201572819
类目公域行为,洗护清洁剂/卫生巾/纸/香薰>口腔护理,50448024
类目公域行为,洗护清洁剂/卫生巾/纸/香薰>口腔护理>口腔护理套装/礼盒,125076027
类目公域行为,洗护清洁剂/卫生巾/纸/香薰>口腔护理>口腔清新剂,121466033
类目公域行为,洗护清洁剂/卫生巾/纸/香薰>口腔护理>牙膏,213203
类目公域行为,洗护清洁剂/卫生巾/纸/香薰>面部清洁/护理,50448025
类目公域行为,洗护清洁剂/卫生巾/纸/香薰>面部清洁/护理>洁面皂/洁面产品,50024975
类目公域行为,洗护清洁剂/卫生巾/纸/香薰>面部清洁/护理>面膜,50452018
类目公域行为,洗护清洁剂/卫生巾/纸/香薰>面部清洁/护理>其它面部清洁/护理产品,50442021
类目公域行为,洗护清洁剂/卫生巾/纸/香薰>面部清洁/护理>乳液/面霜,50458019
类目公域行为,洗护清洁剂/卫生巾/纸/香薰>面部清洁/护理>润唇膏,50022682
类目公域行为,洗护清洁剂/卫生巾/纸/香薰>面部清洁/护理>爽肤水,50022676
类目公域行为,洗护清洁剂/卫生巾/纸/香薰>面部清洁/护理>剃须啫喱/剃须膏/剃须泡,50022680
类目公域行为,洗护清洁剂/卫生巾/纸/香薰>面部清洁/护理>眼部护理精华,121414038
类目公域行为,洗护清洁剂/卫生巾/纸/香薰>面部清洁/护理>眼部护理套装,121448025
类目公域行为,洗护清洁剂/卫生巾/纸/香薰>面部清洁/护理>眼霜,121408035
类目公域行为,洗护清洁剂/卫生巾/纸/香薰>面膜/眼膜,50022679
类目公域行为,洗护清洁剂/卫生巾/纸/香薰>其他洗护清洁用品,50022674
类目公域行为,洗护清洁剂/卫生巾/纸/香薰>其它,50460022
类目公域行为,洗护清洁剂/卫生巾/纸/香薰>身体护理,50456019
类目公域行为,洗护清洁剂/卫生巾/纸/香薰>身体护理>防晒霜,50022681
类目公域行为,洗护清洁剂/卫生巾/纸/香薰>身体护理>护手霜,50022677
类目公域行为,洗护清洁剂/卫生巾/纸/香薰>身体护理>护足霜,50022678
类目公域行为,洗护清洁剂/卫生巾/纸/香薰>身体护理>花露水,121392011
类目公域行为,洗护清洁剂/卫生巾/纸/香薰>身体护理>身体磨砂膏/去角质膏,50024983
类目公域行为,洗护清洁剂/卫生巾/纸/香薰>身体护理>身体乳液,50022686
类目公域行为,洗护清洁剂/卫生巾/纸/香薰>身体护理>爽身粉,121448008
类目公域行为,洗护清洁剂/卫生巾/纸/香薰>身体清洁,50458018
类目公域行为,洗护清洁剂/卫生巾/纸/香薰>身体清洁>沐浴露,213205
类目公域行为,洗护清洁剂/卫生巾/纸/香薰>身体清洁>泡澡花瓣,121392029
类目公域行为,洗护清洁剂/卫生巾/纸/香薰>身体清洁>泡澡药包,121464023
类目公域行为,洗护清洁剂/卫生巾/纸/香薰>身体清洁>洗手液,50012923
类目公域行为,洗护清洁剂/卫生巾/纸/香薰>身体清洁>香皂,50024980
类目公域行为,洗护清洁剂/卫生巾/纸/香薰>身体清洁>浴液,121470030
类目公域行为,洗护清洁剂/卫生巾/纸/香薰>头发清洁/护理/造型,50464015
类目公域行为,洗护清洁剂/卫生巾/纸/香薰>头发清洁/护理/造型>发膜/护发产品,50024999
类目公域行为,洗护清洁剂/卫生巾/纸/香薰>头发清洁/护理/造型>护发素,50016883
类目公域行为,洗护清洁剂/卫生巾/纸/香薰>头发清洁/护理/造型>其它头发清洁/护理产品,50440020
类目公域行为,洗护清洁剂/卫生巾/纸/香薰>头发清洁/护理/造型>洗发水,213202
类目公域行为,洗护清洁剂/卫生巾/纸/香薰>头发清洁/护理/造型>洗护套装,50466023
类目公域行为,洗护清洁剂/卫生巾/纸/香薰>卫生巾/私处护理,50016889
类目公域行为,洗护清洁剂/卫生巾/纸/香薰>卫生巾/私处护理>护垫,50012476
类目公域行为,洗护清洁剂/卫生巾/纸/香薰>卫生巾/私处护理>卫生巾,50012475
类目公域行为,洗护清洁剂/卫生巾/纸/香薰>卫生巾/私处护理>卫生棉条,50464014
类目公域行为,洗护清洁剂/卫生巾/纸/香薰>香薰用品,2165
类目公域行为,洗护清洁剂/卫生巾/纸/香薰>香薰用品>香薰蜡烛,50021853
类目公域行为,洗护清洁剂/卫生巾/纸/香薰>香薰用品>香薰喷雾剂,201234602
类目公域行为,洗护清洁剂/卫生巾/纸/香薰>衣物鞋包清洁剂/护理剂,50018975
类目公域行为,洗护清洁剂/卫生巾/纸/香薰>衣物鞋包清洁剂/护理剂>常用清洁剂>常规洗衣液,50018977
类目公域行为,洗护清洁剂/卫生巾/纸/香薰>衣物鞋包清洁剂/护理剂>常用清洁剂>洗衣皂,50018981
类目公域行为,洗护清洁剂/卫生巾/纸/香薰>纸品/湿巾,50012473
类目公域行为,洗护清洁剂/卫生巾/纸/香薰>纸品/湿巾>护理用纸>棉柔巾/洗脸巾,127692024
类目公域行为,洗护清洁剂/卫生巾/纸/香薰>纸品/湿巾>生活用纸>吸油纸/膜,50020218
类目公域行为,洗护清洁剂/卫生巾/纸/香薰>纸品/湿巾>湿巾用品>常规湿巾,50010895
类目公域行为,洗护清洁剂/卫生巾/纸/香薰>纸品/湿巾>湿巾用品>提神/降温/凉感湿巾,201927701
类目公域行为,洗护清洁剂/卫生巾/纸/香薰>纸品/湿巾>湿巾用品>卸妆湿巾,201836605
类目公域行为,鲜花速递/花卉仿真/绿植园艺>花艺包装/材料,290503
类目公域行为,鲜花速递/花卉仿真/绿植园艺>花艺包装/材料>花泥,202060206
类目公域行为,鲜花速递/花卉仿真/绿植园艺>婚礼鲜花布置,50009339
类目公域行为,鲜花速递/花卉仿真/绿植园艺>婚礼鲜花布置>其它,50009344
类目公域行为,鲜花速递/花卉仿真/绿植园艺>鲜花速递(同城),290501
类目公域行为,鲜花速递/花卉仿真/绿植园艺>园艺用品,50007010
类目公域行为,鲜花速递/花卉仿真/绿植园艺>园艺用品>园艺手套,50015188
类目公域行为,箱包皮具/热销女包/男包>女士包袋新,201800202
类目公域行为,箱包皮具/热销女包/男包>女士包袋新>手拿包,201802101
类目公域行为,箱包皮具/热销女包/男包>女士包袋新>水桶包,201801601
类目公域行为,箱包皮具/热销女包/男包>女士包袋新>通用款女包,50012010
类目公域行为,医疗器械>保健理疗,50023748
类目公域行为,医疗器械>多功能皮肤美容仪,201328301
类目公域行为,医疗器械>口腔检查／护理／治疗器械,201153609
类目公域行为,隐形眼镜/护理液>软镜护理液,50023752
类目公域行为,婴童洗护>清洁液/洗衣液/柔顺剂,50012466
类目公域行为,婴童洗护>清洁液/洗衣液/柔顺剂>宝宝洗手液,50014741
类目公域行为,婴童洗护>驱蚊用品,121388024
类目公域行为,婴童洗护>驱蚊用品>防蚊水,122766001
类目公域行为,婴童洗护>婴童护肤,201312202
类目公域行为,婴童洗护>婴童护肤>护手霜,201785002
类目公域行为,婴童洗护>婴童护肤>润肤乳,121478012
类目公域行为,婴童洗护>婴童护肤>爽身粉 /痱子粉/爽身水,50014255
类目公域行为,婴童洗护>婴童护肤>婴童防晒,50014258
类目公域行为,婴童洗护>婴童护肤>婴童护唇/润唇,50014249
类目公域行为,婴童洗护>婴童护肤>婴童乳液/面霜,201168003
类目公域行为,婴童洗护>婴童洗浴,50014248
类目公域行为,婴童洗护>婴童洗浴>沐浴乳/沐浴露,50014259
类目公域行为,婴童洗护>婴童洗浴>洗发水,121426020
类目公域行为,婴童用品>清洁护理小用品,50012436
类目公域行为,婴童用品>清洁护理小用品>安全梳子/刷子,50014844
类目公域行为,婴童用品>清洁护理小用品>理发围布,50016471
类目公域行为,孕妇装/孕产妇用品/营养>待产用品,50006000
类目公域行为,孕妇装/孕产妇用品/营养>待产用品>产妇卫生巾,121414004
类目公域行为,孕妇装/孕产妇用品/营养>月子营养,50026471
类目公域行为,孕妇装/孕产妇用品/营养>月子营养>月子食品/滋补品,50026472
类目公域行为,孕妇装/孕产妇用品/营养>孕产妇护肤/洗护/祛纹,50026457
类目公域行为,孕妇装/孕产妇用品/营养>孕产妇护肤/洗护/祛纹>防晒/隔离,50026443
类目公域行为,孕妇装/孕产妇用品/营养>孕产妇护肤/洗护/祛纹>面部精华,50026440
类目公域行为,孕妇装/孕产妇用品/营养>孕产妇护肤/洗护/祛纹>乳液/面霜,50026441
类目公域行为,孕妇装/孕产妇用品/营养>孕产妇护肤/洗护/祛纹>孕产妇美护发用品,122476001
类目公域行为,孕妇装/孕产妇用品/营养>孕产妇护肤/洗护/祛纹>孕产妇洗护清洁用品,121470034
类目公域行为,孕妇装/孕产妇用品/营养>孕产妇护肤/洗护/祛纹>身体护理（新）>其他身体护理,121364022
类目公域行为,孕妇装/孕产妇用品/营养>孕产妇护肤/洗护/祛纹>手部护理（新）>其他手部护理,121398027
类目公域行为,孕妇装/孕产妇用品/营养>孕产妇护肤/洗护/祛纹>眼部护理（新）>眼膜,121408031
类目公域行为,孕妇装/孕产妇用品/营养>孕产妇营养品,50026460
类目公域行为,孕妇装/孕产妇用品/营养>孕产妇营养品>其它,50026470
类目公域行为,运动/瑜伽/健身/球迷用品>高尔夫,50017776
类目公域行为,运动/瑜伽/健身/球迷用品>高尔夫>高尔夫上装,50017782
类目公域行为,珠宝/钻石/翡翠>天然珍珠（新）,121418029
类目公域行为,珠宝/钻石/翡翠>天然珍珠（新）>其他海水珍珠>其他,202155133
